company,sector,website,country,opportunity_type,source,source_url,source_type,signals,tech_stack,buying_intent_signals,partnership_signals,fit_score,intent_score,partner_score,risk_score,priority,decision_roles,suggested_channel,recommended_action,first_message_angle,objection_prediction,offer_recommended,next_action,next_action_date,status,owner,notes
Foodics,SaaS Restaurant,foodics.com,SA,DIRECT_CUSTOMER,public_page,https://foodics.com,public_page,HubSpot; WhatsApp Widget; Google Tag Manager; HubSpot Forms; WordPress,HubSpot;WhatsApp Widget;GTM;HubSpot Forms;WordPress,HubSpot; WhatsApp Widget,,78,63,27,15,P1,CEO,LINKEDIN_MANUAL,PREPARE_DM,AI sales rep بالعربي يرد على leads خلال 45 ثانية، يؤهّل، ويحجز demo — يركب فوق CRM الحالي ويسلّم sequence جاهزة للـ SDR.,price/CRM exists/AI quality,Pilot 1 SAR × 7 days → Starter 999,PREPARE_DM,,queued,sami,Tech confirmed: WhatsApp-native sales
Lucidya,SaaS CXM,lucidya.com,SA,DIRECT_CUSTOMER,public_page,https://lucidya.com,public_page,HubSpot; Google Tag Manager; HubSpot Forms; Webflow,4 tools detected,HubSpot; HubSpot Forms,,70,39,27,15,P1,CEO,LINKEDIN_MANUAL,PREPARE_DM,AI sales rep بالعربي يرد على leads خلال 45 ثانية، يؤهّل، ويحجز demo — يركب فوق CRM الحالي ويسلّم sequence جاهزة للـ SDR.,price/CRM exists/AI quality,Pilot 1 SAR × 7 days → Starter 999,PREPARE_DM,,queued,sami,Priority — surname connection
Salla,E-commerce Platform,salla.sa,SA,STRATEGIC_PARTNER,public_page,https://salla.sa,public_page,HubSpot; Salla; Google Tag Manager; Google Analytics 4; WordPress,Salla;HubSpot;GTM;GA4;WordPress,HubSpot; Salla,E-commerce Platform,56,48,37,15,P2,CEO,PARTNER_INTRO,PREPARE_PARTNER_PITCH,Dealix + منتجك = offering مكمّل لعملائكم. add-on أو bundle — نناقش النسب.,product fit/brand alignment,Co-selling / bundle,PREPARE_PARTNER_PITCH,,queued,sami,Strategic — distribution layer
Lean Technologies,Fintech API,leantech.me,SA,DIRECT_CUSTOMER,public_page,https://leantech.me,public_page,HubSpot; Google Tag Manager,2 tools,HubSpot,,58,21,21,15,P2,CEO,LINKEDIN_MANUAL,PREPARE_DM,AI sales rep بالعربي يرد على leads خلال 45 ثانية، يؤهّل، ويحجز demo — يركب فوق CRM الحالي ويسلّم sequence جاهزة للـ SDR.,price/CRM exists/AI quality,Pilot 1 SAR × 7 days → Starter 999,PREPARE_DM,,queued,sami,API-first fintech
BRKZ,ConTech,brkz.com,SA,DIRECT_CUSTOMER,public_page,https://brkz.com,public_page,Google Tag Manager; Hotjar,2 tools,,,45,6,15,15,P2,Founder,LINKEDIN_MANUAL,PREPARE_DM,AI sales rep بالعربي يرد على leads خلال 45 ثانية، يؤهّل، ويحجز demo — يركب فوق CRM الحالي ويسلّم sequence جاهزة للـ SDR.,price/CRM exists/AI quality,Pilot 1 SAR × 7 days → Starter 999,PREPARE_DM,,queued,sami,Construction B2B
Zid,E-commerce Platform,zid.sa,SA,STRATEGIC_PARTNER,public_page,https://zid.sa,public_page,HubSpot; Zid; Google Tag Manager,3 tools,HubSpot; Zid,E-commerce Platform,55,45,37,15,P2,Co-founder,PARTNER_INTRO,PREPARE_PARTNER_PITCH,Dealix + منتجك = offering مكمّل لعملائكم. add-on أو bundle — نناقش النسب.,product fit/brand alignment,Co-selling / bundle,PREPARE_PARTNER_PITCH,,queued,sami,Zid merchants distribution
Sary,B2B Marketplace,sary.com,SA,DIRECT_CUSTOMER,public_page,https://sary.com,public_page,WhatsApp Widget; Meta Pixel; WordPress,3 tools,WhatsApp Widget; Meta Pixel,,61,45,16,15,P2,Co-founder,LINKEDIN_MANUAL,PREPARE_DM,AI sales rep بالعربي يرد على leads خلال 45 ثانية، يؤهّل، ويحجز demo — يركب فوق CRM الحالي ويسلّم sequence جاهزة للـ SDR.,price/CRM exists/AI quality,Pilot 1 SAR × 7 days → Starter 999,PREPARE_DM,,queued,sami,
Retailo,B2B Marketplace,retailo.co,SA,DIRECT_CUSTOMER,public_page,https://retailo.co,public_page,,0 tools (SPA),,,43,0,16,15,BACKLOG,Co-founder,LINKEDIN_MANUAL,PREPARE_DM,AI sales rep بالعربي يرد على leads خلال 45 ثانية، يؤهّل، ويحجز demo — يركب فوق CRM الحالي ويسلّم sequence جاهزة للـ SDR.,price/CRM exists/AI quality,Pilot 1 SAR × 7 days → Starter 999,PREPARE_DM,,queued,sami,
Mozn,AI/ML Platform,mozn.com,SA,DIRECT_CUSTOMER,public_page,https://mozn.com,public_page,,0 tools (SPA),,,34,0,7,15,BACKLOG,CEO,LINKEDIN_MANUAL,PREPARE_DM,AI sales rep بالعربي يرد على leads خلال 45 ثانية، يؤهّل، ويحجز demo — يركب فوق CRM الحالي ويسلّم sequence جاهزة للـ SDR.,price/CRM exists/AI quality,Pilot 1 SAR × 7 days → Starter 999,PREPARE_DM,,queued,sami,
Tamara,BNPL Fintech,tamara.co,SA,DIRECT_CUSTOMER,public_page,https://tamara.co,public_page,WooCommerce; Google Tag Manager; Webflow,3 tools,,,58,21,21,15,P2,CEO,LINKEDIN_MANUAL,PREPARE_DM,AI sales rep بالعربي يرد على leads خلال 45 ثانية، يؤهّل، ويحجز demo — يركب فوق CRM الحالي ويسلّم sequence جاهزة للـ SDR.,price/CRM exists/AI quality,Pilot 1 SAR × 7 days → Starter 999,PREPARE_DM,,queued,sami,
Mnzil,Proptech,mnzil.co,SA,DIRECT_CUSTOMER,public_page,https://mnzil.co,public_page,,0 tools (SPA),,,45,0,18,15,P2,Founder,LINKEDIN_MANUAL,PREPARE_DM,AI sales rep بالعربي يرد على leads خلال 45 ثانية، يؤهّل، ويحجز demo — يركب فوق CRM الحالي ويسلّم sequence جاهزة للـ SDR.,price/CRM exists/AI quality,Pilot 1 SAR × 7 days → Starter 999,PREPARE_DM,,queued,sami,
Logexa,Logistics,logexa.com,SA,DIRECT_CUSTOMER,public_page,https://logexa.com,public_page,,0 tools,,,41,0,14,15,BACKLOG,Founder,LINKEDIN_MANUAL,PREPARE_DM,AI sales rep بالعربي يرد على leads خلال 45 ثانية، يؤهّل، ويحجز demo — يركب فوق CRM الحالي ويسلّم sequence جاهزة للـ SDR.,price/CRM exists/AI quality,Pilot 1 SAR × 7 days → Starter 999,PREPARE_DM,,queued,sami,
Nana,Grocery Delivery,nana.sa,SA,DIRECT_CUSTOMER,public_page,https://nana.sa,public_page,,0 tools,,,34,0,7,15,BACKLOG,Founder,LINKEDIN_MANUAL,PREPARE_DM,AI sales rep بالعربي يرد على leads خلال 45 ثانية، يؤهّل، ويحجز demo — يركب فوق CRM الحالي ويسلّم sequence جاهزة للـ SDR.,price/CRM exists/AI quality,Pilot 1 SAR × 7 days → Starter 999,PREPARE_DM,,queued,sami,
Jahez,Food Delivery,jahez.net,SA,DIRECT_CUSTOMER,public_page,https://jahez.net,public_page,,0 tools,,,34,0,7,15,BACKLOG,Founder,LINKEDIN_MANUAL,PREPARE_DM,AI sales rep بالعربي يرد على leads خلال 45 ثانية، يؤهّل، ويحجز demo — يركب فوق CRM الحالي ويسلّم sequence جاهزة للـ SDR.,price/CRM exists/AI quality,Pilot 1 SAR × 7 days → Starter 999,PREPARE_DM,,queued,sami,
SiFi,Corporate Fintech,sifi.co,SA,DIRECT_CUSTOMER,public_page,https://sifi.co,public_page,,0 tools,,,43,0,16,15,BACKLOG,CEO,LINKEDIN_MANUAL,PREPARE_DM,AI sales rep بالعربي يرد على leads خلال 45 ثانية، يؤهّل، ويحجز demo — يركب فوق CRM الحالي ويسلّم sequence جاهزة للـ SDR.,price/CRM exists/AI quality,Pilot 1 SAR × 7 days → Starter 999,PREPARE_DM,,queued,sami,
Hakbah,Fintech,hakbah.sa,SA,DIRECT_CUSTOMER,public_page,https://hakbah.sa,public_page,WooCommerce; Google Tag Manager; Google Analytics 4; WordPress,4 tools,,,61,21,24,15,P2,CEO,LINKEDIN_MANUAL,PREPARE_DM,AI sales rep بالعربي يرد على leads خلال 45 ثانية، يؤهّل، ويحجز demo — يركب فوق CRM الحالي ويسلّم sequence جاهزة للـ SDR.,price/CRM exists/AI quality,Pilot 1 SAR × 7 days → Starter 999,PREPARE_DM,,queued,sami,
Merit Incentives,HR Tech,meritincentives.com,AE,DIRECT_CUSTOMER,public_page,https://meritincentives.com,public_page,Webflow,1 tool,,,40,3,11,15,BACKLOG,CEO,LINKEDIN_MANUAL,PREPARE_DM,AI sales rep بالعربي يرد على leads خلال 45 ثانية، يؤهّل، ويحجز demo — يركب فوق CRM الحالي ويسلّم sequence جاهزة للـ SDR.,price/CRM exists/AI quality,Pilot 1 SAR × 7 days → Starter 999,PREPARE_DM,,queued,sami,
Bayzat Saudi,HR SaaS,bayzat.com,AE-SA,DIRECT_CUSTOMER,public_page,https://bayzat.com,public_page,Google Tag Manager,1 tool,,,47,6,17,15,P2,Regional lead,LINKEDIN_MANUAL,PREPARE_DM,AI sales rep بالعربي يرد على leads خلال 45 ثانية، يؤهّل، ويحجز demo — يركب فوق CRM الحالي ويسلّم sequence جاهزة للـ SDR.,price/CRM exists/AI quality,Pilot 1 SAR × 7 days → Starter 999,PREPARE_DM,,queued,sami,
Peak Content,Marketing Agency,peakcontent.ae,AE,AGENCY_PARTNER,public_page,https://peakcontent.ae,public_page,,0 tools (SPA),,Marketing Agency,39,0,37,15,BACKLOG,Founder,LINKEDIN_MANUAL,PREPARE_PARTNER_PITCH,للوكالات: setup 3-15K + 20-30% من MRR كل عميل دائم. 3-5 عملاء = revenue stream جديد بدون tech build.,commission %/client ownership,Setup 3-15K + 20-30% MRR,PREPARE_PARTNER_PITCH,,queued,sami,
Digital8,Marketing Agency,digital8.ae,AE,AGENCY_PARTNER,public_page,https://digital8.ae,public_page,,0 tools (SPA),,Marketing Agency,39,0,37,15,BACKLOG,Founder,LINKEDIN_MANUAL,PREPARE_PARTNER_PITCH,للوكالات: setup 3-15K + 20-30% من MRR كل عميل دائم. 3-5 عملاء = revenue stream جديد بدون tech build.,commission %/client ownership,Setup 3-15K + 20-30% MRR,PREPARE_PARTNER_PITCH,,queued,sami,
Brand Lounge,Branding Agency,thebrandlounge.ae,AE,REFERRAL_PARTNER,public_page,https://thebrandlounge.ae,public_page,,0 tools (SPA),,Branding Agency,37,0,37,15,BACKLOG,Founder,LINKEDIN_MANUAL,PREPARE_PARTNER_PITCH,referral 10% من MRR لـ 12 شهر على كل عميل يجي عبرك — صفر setup.,value for effort,10% MRR × 12 months,PREPARE_PARTNER_PITCH,,queued,sami,
Qatar Digital,Digital Agency,qatardigital.qa,QA,AGENCY_PARTNER,public_page,https://qatardigital.qa,public_page,,0 tools,,Digital Agency,39,0,37,15,BACKLOG,Founder,LINKEDIN_MANUAL,PREPARE_PARTNER_PITCH,للوكالات: setup 3-15K + 20-30% من MRR كل عميل دائم. 3-5 عملاء = revenue stream جديد بدون tech build.,commission %/client ownership,Setup 3-15K + 20-30% MRR,PREPARE_PARTNER_PITCH,,queued,sami,
Wavy,Digital Marketing,wavy.sa,SA,AGENCY_PARTNER,public_page,https://wavy.sa,public_page,,0 tools (SPA),,Digital Marketing,34,0,32,15,BACKLOG,Founder,LINKEDIN_MANUAL,PREPARE_PARTNER_PITCH,للوكالات: setup 3-15K + 20-30% من MRR كل عميل دائم. 3-5 عملاء = revenue stream جديد بدون tech build.,commission %/client ownership,Setup 3-15K + 20-30% MRR,PREPARE_PARTNER_PITCH,,queued,sami,Enterprise KSA — highest priority
Serviceplan,Integrated Marketing,serviceplan.com,DE-SA,AGENCY_PARTNER,public_page,https://serviceplan.com,public_page,,0 tools,,Integrated Marketing,29,0,27,15,BACKLOG,Lead,LINKEDIN_MANUAL,PREPARE_PARTNER_PITCH,للوكالات: setup 3-15K + 20-30% من MRR كل عميل دائم. 3-5 عملاء = revenue stream جديد بدون tech build.,commission %/client ownership,Setup 3-15K + 20-30% MRR,PREPARE_PARTNER_PITCH,,queued,sami,
Intermarkets,B2B Marketing,intermarkets.com,AE,AGENCY_PARTNER,public_page,https://intermarkets.com,public_page,,0 tools,,B2B Marketing,31,0,29,15,BACKLOG,Lead,LINKEDIN_MANUAL,PREPARE_PARTNER_PITCH,للوكالات: setup 3-15K + 20-30% من MRR كل عميل دائم. 3-5 عملاء = revenue stream جديد بدون tech build.,commission %/client ownership,Setup 3-15K + 20-30% MRR,PREPARE_PARTNER_PITCH,,queued,sami,
MSL Saudi,PR Marketing,mslgroup.com,Global-SA,REFERRAL_PARTNER,public_page,https://mslgroup.com,public_page,Google Analytics 4,1 tool,,PR Marketing,30,6,27,15,BACKLOG,Lead,LINKEDIN_MANUAL,PREPARE_PARTNER_PITCH,referral 10% من MRR لـ 12 شهر على كل عميل يجي عبرك — صفر setup.,value for effort,10% MRR × 12 months,PREPARE_PARTNER_PITCH,,queued,sami,
Rekaz,SMB SaaS,rekaz.io,SA,DIRECT_CUSTOMER,knowledge,,llm_knowledge,,unknown,,,44,0,17,15,BACKLOG,Founder,LINKEDIN_MANUAL,PREPARE_DM,AI sales rep بالعربي يرد على leads خلال 45 ثانية، يؤهّل، ويحجز demo — يركب فوق CRM الحالي ويسلّم sequence جاهزة للـ SDR.,price/CRM exists/AI quality,Pilot 1 SAR × 7 days → Starter 999,PREPARE_DM,,queued,sami,
Lucidya CTO,SaaS CXM,lucidya.com,SA,DIRECT_CUSTOMER,knowledge,,llm_knowledge,,see Lucidya,,,44,0,17,15,BACKLOG,CTO,LINKEDIN_MANUAL,PREPARE_DM,AI sales rep بالعربي يرد على leads خلال 45 ثانية، يؤهّل، ويحجز demo — يركب فوق CRM الحالي ويسلّم sequence جاهزة للـ SDR.,price/CRM exists/AI quality,Pilot 1 SAR × 7 days → Starter 999,PREPARE_DM,,queued,sami,Secondary contact in Lucidya
Hatem Kameli,SaaS CXM,lucidya.com,SA,DIRECT_CUSTOMER,knowledge,,llm_knowledge,,see Lucidya,,,44,0,17,15,BACKLOG,Co-founder,LINKEDIN_MANUAL,PREPARE_DM,AI sales rep بالعربي يرد على leads خلال 45 ثانية، يؤهّل، ويحجز demo — يركب فوق CRM الحالي ويسلّم sequence جاهزة للـ SDR.,price/CRM exists/AI quality,Pilot 1 SAR × 7 days → Starter 999,PREPARE_DM,,queued,sami,Secondary contact in Lucidya
Mosab Alothmani,SaaS Restaurant,foodics.com,SA,DIRECT_CUSTOMER,knowledge,,llm_knowledge,,see Foodics,,,44,0,17,15,BACKLOG,Co-founder,LINKEDIN_MANUAL,PREPARE_DM,AI sales rep بالعربي يرد على leads خلال 45 ثانية، يؤهّل، ويحجز demo — يركب فوق CRM الحالي ويسلّم sequence جاهزة للـ SDR.,price/CRM exists/AI quality,Pilot 1 SAR × 7 days → Starter 999,PREPARE_DM,,queued,sami,Secondary contact in Foodics
Yamamah,F&B Chain,yamamahgroup.sa,SA,DIRECT_CUSTOMER,knowledge,,llm_knowledge,,unknown,,,34,0,7,15,BACKLOG,CEO,LINKEDIN_MANUAL,PREPARE_DM,AI sales rep بالعربي يرد على leads خلال 45 ثانية، يؤهّل، ويحجز demo — يركب فوق CRM الحالي ويسلّم sequence جاهزة للـ SDR.,price/CRM exists/AI quality,Pilot 1 SAR × 7 days → Starter 999,PREPARE_DM,,queued,sami,Research franchising channel
Albaik,F&B Chain,albaik.com,SA,DIRECT_CUSTOMER,knowledge,,llm_knowledge,,unknown,,,34,0,7,15,BACKLOG,CEO,LINKEDIN_MANUAL,PREPARE_DM,AI sales rep بالعربي يرد على leads خلال 45 ثانية، يؤهّل، ويحجز demo — يركب فوق CRM الحالي ويسلّم sequence جاهزة للـ SDR.,price/CRM exists/AI quality,Pilot 1 SAR × 7 days → Starter 999,PREPARE_DM,,queued,sami,
Herfy,F&B Chain,herfy.com,SA,DIRECT_CUSTOMER,knowledge,,llm_knowledge,,unknown,,,34,0,7,75,BACKLOG,CEO,HOLD_FOR_APPROVAL,PREPARE_DM,AI sales rep بالعربي يرد على leads خلال 45 ثانية، يؤهّل، ويحجز demo — يركب فوق CRM الحالي ويسلّم sequence جاهزة للـ SDR.,price/CRM exists/AI quality,Pilot 1 SAR × 7 days → Starter 999,PREPARE_DM,,queued,sami,Public company — governance heavy
AlMarai,F&B Supplier,almarai.com,SA,STRATEGIC_PARTNER,knowledge,,llm_knowledge,,unknown,,F&B Supplier,32,0,32,15,BACKLOG,Head of trade,PARTNER_INTRO,PREPARE_PARTNER_PITCH,Dealix + منتجك = offering مكمّل لعملائكم. add-on أو bundle — نناقش النسب.,product fit/brand alignment,Co-selling / bundle,PREPARE_PARTNER_PITCH,,queued,sami,
Dammam Hospitals,Healthcare,,SA,DIRECT_CUSTOMER,knowledge,,llm_knowledge,,unknown,,,34,0,7,15,BACKLOG,Owner,LINKEDIN_MANUAL,PREPARE_DM,AI sales rep بالعربي يرد على leads خلال 45 ثانية، يؤهّل، ويحجز demo — يركب فوق CRM الحالي ويسلّم sequence جاهزة للـ SDR.,price/CRM exists/AI quality,Pilot 1 SAR × 7 days → Starter 999,PREPARE_DM,,queued,sami,Need specific names
Al Mouwasat Hospital,Healthcare,mouwasat.com,SA,DIRECT_CUSTOMER,knowledge,,llm_knowledge,,unknown,,,34,0,7,15,BACKLOG,Marketing head,LINKEDIN_MANUAL,PREPARE_DM,AI sales rep بالعربي يرد على leads خلال 45 ثانية، يؤهّل، ويحجز demo — يركب فوق CRM الحالي ويسلّم sequence جاهزة للـ SDR.,price/CRM exists/AI quality,Pilot 1 SAR × 7 days → Starter 999,PREPARE_DM,,queued,sami,
Dr Sulaiman AlHabib,Healthcare,hmg.com.sa,SA,DIRECT_CUSTOMER,knowledge,,llm_knowledge,,unknown,,,34,0,7,15,BACKLOG,Marketing head,LINKEDIN_MANUAL,PREPARE_DM,AI sales rep بالعربي يرد على leads خلال 45 ثانية، يؤهّل، ويحجز demo — يركب فوق CRM الحالي ويسلّم sequence جاهزة للـ SDR.,price/CRM exists/AI quality,Pilot 1 SAR × 7 days → Starter 999,PREPARE_DM,,queued,sami,Public company
Dar Al Hekma,Education,darwalhekma.edu.sa,SA,DIRECT_CUSTOMER,knowledge,,llm_knowledge,,unknown,,,34,0,7,15,BACKLOG,Director of admissions,LINKEDIN_MANUAL,PREPARE_DM,AI sales rep بالعربي يرد على leads خلال 45 ثانية، يؤهّل، ويحجز demo — يركب فوق CRM الحالي ويسلّم sequence جاهزة للـ SDR.,price/CRM exists/AI quality,Pilot 1 SAR × 7 days → Starter 999,PREPARE_DM,,queued,sami,
Alfaisal University,Education,alfaisal.edu,SA,DIRECT_CUSTOMER,knowledge,,llm_knowledge,,unknown,,,34,0,7,15,BACKLOG,Director of admissions,LINKEDIN_MANUAL,PREPARE_DM,AI sales rep بالعربي يرد على leads خلال 45 ثانية، يؤهّل، ويحجز demo — يركب فوق CRM الحالي ويسلّم sequence جاهزة للـ SDR.,price/CRM exists/AI quality,Pilot 1 SAR × 7 days → Starter 999,PREPARE_DM,,queued,sami,
Alghanim Industries,Conglomerate,alghanim.com,KW-SA,DIRECT_CUSTOMER,knowledge,,llm_knowledge,,unknown,,,29,0,2,15,BACKLOG,Digital director,LINKEDIN_MANUAL,PREPARE_DM,AI sales rep بالعربي يرد على leads خلال 45 ثانية، يؤهّل، ويحجز demo — يركب فوق CRM الحالي ويسلّم sequence جاهزة للـ SDR.,price/CRM exists/AI quality,Pilot 1 SAR × 7 days → Starter 999,PREPARE_DM,,queued,sami,Complex organization
IKEA Saudi,Retail,ikea.com/sa,SA,DIRECT_CUSTOMER,knowledge,,llm_knowledge,,unknown,,,39,0,12,15,BACKLOG,Marketing head,LINKEDIN_MANUAL,PREPARE_DM,AI sales rep بالعربي يرد على leads خلال 45 ثانية، يؤهّل، ويحجز demo — يركب فوق CRM الحالي ويسلّم sequence جاهزة للـ SDR.,price/CRM exists/AI quality,Pilot 1 SAR × 7 days → Starter 999,PREPARE_DM,,queued,sami,Enterprise — complex procurement
AppQuality,Recruitment,bayt.com,Global-SA,REFERRAL_PARTNER,knowledge,,llm_knowledge,,unknown,,Recruitment,27,0,27,15,BACKLOG,Regional BD,LINKEDIN_MANUAL,PREPARE_PARTNER_PITCH,referral 10% من MRR لـ 12 شهر على كل عميل يجي عبرك — صفر setup.,value for effort,10% MRR × 12 months,PREPARE_PARTNER_PITCH,,queued,sami,
Naseeb,Recruitment,naseeb.com,SA,DIRECT_CUSTOMER,knowledge,,llm_knowledge,,unknown,,,34,0,7,15,BACKLOG,Founder,LINKEDIN_MANUAL,PREPARE_DM,AI sales rep بالعربي يرد على leads خلال 45 ثانية، يؤهّل، ويحجز demo — يركب فوق CRM الحالي ويسلّم sequence جاهزة للـ SDR.,price/CRM exists/AI quality,Pilot 1 SAR × 7 days → Starter 999,PREPARE_DM,,queued,sami,
Tabby,BNPL Fintech,tabby.ai,AE-SA,DIRECT_CUSTOMER,knowledge,,llm_knowledge,,unknown,,,43,0,16,15,BACKLOG,CEO,LINKEDIN_MANUAL,PREPARE_DM,AI sales rep بالعربي يرد على leads خلال 45 ثانية، يؤهّل، ويحجز demo — يركب فوق CRM الحالي ويسلّم sequence جاهزة للـ SDR.,price/CRM exists/AI quality,Pilot 1 SAR × 7 days → Starter 999,PREPARE_DM,,queued,sami,
Rewaa,POS SaaS,rewaa.com,SA,DIRECT_CUSTOMER,knowledge,,llm_knowledge,,unknown,,,44,0,17,15,BACKLOG,CEO,LINKEDIN_MANUAL,PREPARE_DM,AI sales rep بالعربي يرد على leads خلال 45 ثانية، يؤهّل، ويحجز demo — يركب فوق CRM الحالي ويسلّم sequence جاهزة للـ SDR.,price/CRM exists/AI quality,Pilot 1 SAR × 7 days → Starter 999,PREPARE_DM,,queued,sami,
Mocinno,Accelerator,mocinno.com,SA,REFERRAL_PARTNER,knowledge,,llm_knowledge,,unknown,,Accelerator,32,0,32,15,BACKLOG,Partnerships,LINKEDIN_MANUAL,PREPARE_PARTNER_PITCH,referral 10% من MRR لـ 12 شهر على كل عميل يجي عبرك — صفر setup.,value for effort,10% MRR × 12 months,PREPARE_PARTNER_PITCH,,queued,sami,
Misk Foundation,Accelerator,misk.org.sa,SA,REFERRAL_PARTNER,knowledge,,llm_knowledge,,unknown,,Accelerator,32,0,32,15,BACKLOG,Startup program lead,LINKEDIN_MANUAL,PREPARE_PARTNER_PITCH,referral 10% من MRR لـ 12 شهر على كل عميل يجي عبرك — صفر setup.,value for effort,10% MRR × 12 months,PREPARE_PARTNER_PITCH,,queued,sami,
Sanabil,Investor,sanabilinvestments.com,SA,INVESTOR_OR_ADVISOR,knowledge,,llm_knowledge,,unknown,,Investor,28,0,7,40,BACKLOG,Portfolio partner,EMAIL,PREPARE_INVESTOR_NOTE,Dealix = Arabic-first AI sales operator. نبحث عن portfolio introductions + advisory.,stage/fit,Advisory + portfolio intros,PREPARE_INVESTOR_NOTE,,queued,sami,
STV,Investor,stv.com,SA,INVESTOR_OR_ADVISOR,knowledge,,llm_knowledge,,unknown,,Investor,28,0,7,40,BACKLOG,Principal,EMAIL,PREPARE_INVESTOR_NOTE,Dealix = Arabic-first AI sales operator. نبحث عن portfolio introductions + advisory.,stage/fit,Advisory + portfolio intros,PREPARE_INVESTOR_NOTE,,queued,sami,
Wamda Capital,Investor,wamdacapital.com,AE-SA,INVESTOR_OR_ADVISOR,knowledge,,llm_knowledge,,unknown,,Investor,28,0,7,40,BACKLOG,Partner,EMAIL,PREPARE_INVESTOR_NOTE,Dealix = Arabic-first AI sales operator. نبحث عن portfolio introductions + advisory.,stage/fit,Advisory + portfolio intros,PREPARE_INVESTOR_NOTE,,queued,sami,
Raed Ventures,Investor,raedventures.com,SA,INVESTOR_OR_ADVISOR,knowledge,,llm_knowledge,,unknown,,Investor,28,0,7,40,BACKLOG,Partner,EMAIL,PREPARE_INVESTOR_NOTE,Dealix = Arabic-first AI sales operator. نبحث عن portfolio introductions + advisory.,stage/fit,Advisory + portfolio intros,PREPARE_INVESTOR_NOTE,,queued,sami,
Elm,IT Services,elm.sa,SA,DIRECT_CUSTOMER,knowledge,,llm_knowledge,,unknown,,,34,0,7,75,BACKLOG,BD head,HOLD_FOR_APPROVAL,PREPARE_DM,AI sales rep بالعربي يرد على leads خلال 45 ثانية، يؤهّل، ويحجز demo — يركب فوق CRM الحالي ويسلّم sequence جاهزة للـ SDR.,price/CRM exists/AI quality,Pilot 1 SAR × 7 days → Starter 999,PREPARE_DM,,queued,sami,Gov-heavy — slow cycle
Majarra,Content Platform,majarra.com,AE,CONTENT_COLLABORATION,knowledge,,llm_knowledge,,unknown,,Content Platform,25,0,4,15,BACKLOG,Founder,LINKEDIN_MANUAL,PREPARE_DM,محتوى سعودي حول AI sales + GTM — تعاون podcast/newsletter/سلسلة.,audience fit/time,Content cross-promo,PREPARE_DM,,queued,sami,
Careem,Super App,careem.com,AE-SA,DIRECT_CUSTOMER,knowledge,,llm_knowledge,,unknown,,,34,0,7,15,BACKLOG,Merchant head,LINKEDIN_MANUAL,PREPARE_DM,AI sales rep بالعربي يرد على leads خلال 45 ثانية، يؤهّل، ويحجز demo — يركب فوق CRM الحالي ويسلّم sequence جاهزة للـ SDR.,price/CRM exists/AI quality,Pilot 1 SAR × 7 days → Starter 999,PREPARE_DM,,queued,sami,Large organization
Noon,E-commerce,noon.com,AE-SA,DIRECT_CUSTOMER,knowledge,,llm_knowledge,,unknown,,,34,0,7,15,BACKLOG,Merchant head,LINKEDIN_MANUAL,PREPARE_DM,AI sales rep بالعربي يرد على leads خلال 45 ثانية، يؤهّل، ويحجز demo — يركب فوق CRM الحالي ويسلّم sequence جاهزة للـ SDR.,price/CRM exists/AI quality,Pilot 1 SAR × 7 days → Starter 999,PREPARE_DM,,queued,sami,Enterprise — slow
Aramex,Logistics,aramex.com,AE-SA,DIRECT_CUSTOMER,knowledge,,llm_knowledge,,unknown,,,41,0,14,15,BACKLOG,B2B sales head,LINKEDIN_MANUAL,PREPARE_DM,AI sales rep بالعربي يرد على leads خلال 45 ثانية، يؤهّل، ويحجز demo — يركب فوق CRM الحالي ويسلّم sequence جاهزة للـ SDR.,price/CRM exists/AI quality,Pilot 1 SAR × 7 days → Starter 999,PREPARE_DM,,queued,sami,
Almarai,F&B,almarai.com,SA,DIRECT_CUSTOMER,knowledge,,llm_knowledge,,unknown,,,34,0,7,15,BACKLOG,B2B sales head,LINKEDIN_MANUAL,PREPARE_DM,AI sales rep بالعربي يرد على leads خلال 45 ثانية، يؤهّل، ويحجز demo — يركب فوق CRM الحالي ويسلّم sequence جاهزة للـ SDR.,price/CRM exists/AI quality,Pilot 1 SAR × 7 days → Starter 999,PREPARE_DM,,queued,sami,
Alinma Bank,Banking,alinma.com,SA,DIRECT_CUSTOMER,knowledge,,llm_knowledge,,unknown,,,34,0,7,15,BACKLOG,Digital head,LINKEDIN_MANUAL,PREPARE_DM,AI sales rep بالعربي يرد على leads خلال 45 ثانية، يؤهّل، ويحجز demo — يركب فوق CRM الحالي ويسلّم sequence جاهزة للـ SDR.,price/CRM exists/AI quality,Pilot 1 SAR × 7 days → Starter 999,PREPARE_DM,,queued,sami,Regulated — careful
STC Pay,Fintech,stcpay.com.sa,SA,STRATEGIC_PARTNER,knowledge,,llm_knowledge,,unknown,,Fintech,44,0,44,15,BACKLOG,BD head,PARTNER_INTRO,PREPARE_PARTNER_PITCH,Dealix + منتجك = offering مكمّل لعملائكم. add-on أو bundle — نناقش النسب.,product fit/brand alignment,Co-selling / bundle,PREPARE_PARTNER_PITCH,,queued,sami,
Tap Payments,Payment,tap.company,KW-SA,STRATEGIC_PARTNER,knowledge,,llm_knowledge,,unknown,,Payment,27,0,27,15,BACKLOG,BD head,PARTNER_INTRO,PREPARE_PARTNER_PITCH,Dealix + منتجك = offering مكمّل لعملائكم. add-on أو bundle — نناقش النسب.,product fit/brand alignment,Co-selling / bundle,PREPARE_PARTNER_PITCH,,queued,sami,Moyasar alternative
Hyperpay,Payment,hyperpay.com,SA,STRATEGIC_PARTNER,knowledge,,llm_knowledge,,unknown,,Payment,32,0,32,15,BACKLOG,BD head,PARTNER_INTRO,PREPARE_PARTNER_PITCH,Dealix + منتجك = offering مكمّل لعملائكم. add-on أو bundle — نناقش النسب.,product fit/brand alignment,Co-selling / bundle,PREPARE_PARTNER_PITCH,,queued,sami,
PayTabs,Payment,paytabs.com,SA,STRATEGIC_PARTNER,knowledge,,llm_knowledge,,unknown,,Payment,32,0,32,15,BACKLOG,BD head,PARTNER_INTRO,PREPARE_PARTNER_PITCH,Dealix + منتجك = offering مكمّل لعملائكم. add-on أو bundle — نناقش النسب.,product fit/brand alignment,Co-selling / bundle,PREPARE_PARTNER_PITCH,,queued,sami,
Ajar,Proptech,ajar.com,KW-SA,DIRECT_CUSTOMER,knowledge,,llm_knowledge,,unknown,,,40,0,13,15,BACKLOG,CEO,LINKEDIN_MANUAL,PREPARE_DM,AI sales rep بالعربي يرد على leads خلال 45 ثانية، يؤهّل، ويحجز demo — يركب فوق CRM الحالي ويسلّم sequence جاهزة للـ SDR.,price/CRM exists/AI quality,Pilot 1 SAR × 7 days → Starter 999,PREPARE_DM,,queued,sami,
Yalla Real Estate,Real Estate,yalla.sa,SA,DIRECT_CUSTOMER,knowledge,,llm_knowledge,,unknown,,,34,0,7,15,BACKLOG,Sales director,LINKEDIN_MANUAL,PREPARE_DM,AI sales rep بالعربي يرد على leads خلال 45 ثانية، يؤهّل، ويحجز demo — يركب فوق CRM الحالي ويسلّم sequence جاهزة للـ SDR.,price/CRM exists/AI quality,Pilot 1 SAR × 7 days → Starter 999,PREPARE_DM,,queued,sami,
Alfursan,Education,alfursan.sa,SA,DIRECT_CUSTOMER,knowledge,,llm_knowledge,,unknown,,,34,0,7,15,BACKLOG,Director of admissions,LINKEDIN_MANUAL,PREPARE_DM,AI sales rep بالعربي يرد على leads خلال 45 ثانية، يؤهّل، ويحجز demo — يركب فوق CRM الحالي ويسلّم sequence جاهزة للـ SDR.,price/CRM exists/AI quality,Pilot 1 SAR × 7 days → Starter 999,PREPARE_DM,,queued,sami,
Qureos,HR Tech,qureos.com,AE,DIRECT_CUSTOMER,knowledge,,llm_knowledge,,unknown,,,38,0,11,15,BACKLOG,CEO,LINKEDIN_MANUAL,PREPARE_DM,AI sales rep بالعربي يرد على leads خلال 45 ثانية، يؤهّل، ويحجز demo — يركب فوق CRM الحالي ويسلّم sequence جاهزة للـ SDR.,price/CRM exists/AI quality,Pilot 1 SAR × 7 days → Starter 999,PREPARE_DM,,queued,sami,
Oqua,Data SaaS,oqua.io,SA,DIRECT_CUSTOMER,knowledge,,llm_knowledge,,unknown,,,44,0,17,15,BACKLOG,Founder,LINKEDIN_MANUAL,PREPARE_DM,AI sales rep بالعربي يرد على leads خلال 45 ثانية، يؤهّل، ويحجز demo — يركب فوق CRM الحالي ويسلّم sequence جاهزة للـ SDR.,price/CRM exists/AI quality,Pilot 1 SAR × 7 days → Starter 999,PREPARE_DM,,queued,sami,
Unifonic,Comms SaaS,unifonic.com,SA,STRATEGIC_PARTNER,knowledge,,llm_knowledge,,unknown,,Comms SaaS,42,0,42,15,BACKLOG,BD head,PARTNER_INTRO,PREPARE_PARTNER_PITCH,Dealix + منتجك = offering مكمّل لعملائكم. add-on أو bundle — نناقش النسب.,product fit/brand alignment,Co-selling / bundle,PREPARE_PARTNER_PITCH,,queued,sami,Integration synergy
Matajer,E-commerce,matajer.sa,SA,AGENCY_PARTNER,knowledge,,llm_knowledge,,unknown,,E-commerce,34,0,32,15,BACKLOG,Founder,LINKEDIN_MANUAL,PREPARE_PARTNER_PITCH,للوكالات: setup 3-15K + 20-30% من MRR كل عميل دائم. 3-5 عملاء = revenue stream جديد بدون tech build.,commission %/client ownership,Setup 3-15K + 20-30% MRR,PREPARE_PARTNER_PITCH,,queued,sami,
Jarwal,Marketing Agency,jarwal.com,SA,AGENCY_PARTNER,knowledge,,llm_knowledge,,unknown,,Marketing Agency,42,0,40,15,BACKLOG,Founder,LINKEDIN_MANUAL,PREPARE_PARTNER_PITCH,للوكالات: setup 3-15K + 20-30% من MRR كل عميل دائم. 3-5 عملاء = revenue stream جديد بدون tech build.,commission %/client ownership,Setup 3-15K + 20-30% MRR,PREPARE_PARTNER_PITCH,,queued,sami,
Bold Studio,Creative Agency,boldstudio.sa,SA,AGENCY_PARTNER,knowledge,,llm_knowledge,,unknown,,Creative Agency,42,0,40,15,BACKLOG,Founder,LINKEDIN_MANUAL,PREPARE_PARTNER_PITCH,للوكالات: setup 3-15K + 20-30% من MRR كل عميل دائم. 3-5 عملاء = revenue stream جديد بدون tech build.,commission %/client ownership,Setup 3-15K + 20-30% MRR,PREPARE_PARTNER_PITCH,,queued,sami,
Netaq,Marketing Agency,netaq.com,SA,AGENCY_PARTNER,knowledge,,llm_knowledge,,unknown,,Marketing Agency,42,0,40,15,BACKLOG,Founder,LINKEDIN_MANUAL,PREPARE_PARTNER_PITCH,للوكالات: setup 3-15K + 20-30% من MRR كل عميل دائم. 3-5 عملاء = revenue stream جديد بدون tech build.,commission %/client ownership,Setup 3-15K + 20-30% MRR,PREPARE_PARTNER_PITCH,,queued,sami,
Red Box,Agency,redbox.sa,SA,AGENCY_PARTNER,knowledge,,llm_knowledge,,unknown,,Agency,42,0,40,15,BACKLOG,Founder,LINKEDIN_MANUAL,PREPARE_PARTNER_PITCH,للوكالات: setup 3-15K + 20-30% من MRR كل عميل دائم. 3-5 عملاء = revenue stream جديد بدون tech build.,commission %/client ownership,Setup 3-15K + 20-30% MRR,PREPARE_PARTNER_PITCH,,queued,sami,
Elkab,Retail SaaS,elkab.com,SA,DIRECT_CUSTOMER,knowledge,,llm_knowledge,,unknown,,,44,0,17,15,BACKLOG,Founder,LINKEDIN_MANUAL,PREPARE_DM,AI sales rep بالعربي يرد على leads خلال 45 ثانية، يؤهّل، ويحجز demo — يركب فوق CRM الحالي ويسلّم sequence جاهزة للـ SDR.,price/CRM exists/AI quality,Pilot 1 SAR × 7 days → Starter 999,PREPARE_DM,,queued,sami,
Tawkilat,B2B Platform,tawkilat.com,SA,DIRECT_CUSTOMER,knowledge,,llm_knowledge,,unknown,,,34,0,7,15,BACKLOG,Founder,LINKEDIN_MANUAL,PREPARE_DM,AI sales rep بالعربي يرد على leads خلال 45 ثانية، يؤهّل، ويحجز demo — يركب فوق CRM الحالي ويسلّم sequence جاهزة للـ SDR.,price/CRM exists/AI quality,Pilot 1 SAR × 7 days → Starter 999,PREPARE_DM,,queued,sami,
Jar,Fintech,jar-app.com,SA,DIRECT_CUSTOMER,knowledge,,llm_knowledge,,unknown,,,46,0,19,15,P2,Founder,LINKEDIN_MANUAL,PREPARE_DM,AI sales rep بالعربي يرد على leads خلال 45 ثانية، يؤهّل، ويحجز demo — يركب فوق CRM الحالي ويسلّم sequence جاهزة للـ SDR.,price/CRM exists/AI quality,Pilot 1 SAR × 7 days → Starter 999,PREPARE_DM,,queued,sami,
Lamsa,Edtech,lamsaworld.com,AE,DIRECT_CUSTOMER,knowledge,,llm_knowledge,,unknown,,,37,0,10,15,BACKLOG,Founder,LINKEDIN_MANUAL,PREPARE_DM,AI sales rep بالعربي يرد على leads خلال 45 ثانية، يؤهّل، ويحجز demo — يركب فوق CRM الحالي ويسلّم sequence جاهزة للـ SDR.,price/CRM exists/AI quality,Pilot 1 SAR × 7 days → Starter 999,PREPARE_DM,,queued,sami,
Raha,Digital Health,raha.co,SA,DIRECT_CUSTOMER,knowledge,,llm_knowledge,,unknown,,,34,0,7,15,BACKLOG,Founder,LINKEDIN_MANUAL,PREPARE_DM,AI sales rep بالعربي يرد على leads خلال 45 ثانية، يؤهّل، ويحجز demo — يركب فوق CRM الحالي ويسلّم sequence جاهزة للـ SDR.,price/CRM exists/AI quality,Pilot 1 SAR × 7 days → Starter 999,PREPARE_DM,,queued,sami,
Seha Virtual,Digital Health,sehavirtual.com,SA,DIRECT_CUSTOMER,knowledge,,llm_knowledge,,unknown,,,34,0,7,15,BACKLOG,Founder,LINKEDIN_MANUAL,PREPARE_DM,AI sales rep بالعربي يرد على leads خلال 45 ثانية، يؤهّل، ويحجز demo — يركب فوق CRM الحالي ويسلّم sequence جاهزة للـ SDR.,price/CRM exists/AI quality,Pilot 1 SAR × 7 days → Starter 999,PREPARE_DM,,queued,sami,
Rawdah,Kids Education,rawdah.sa,SA,DIRECT_CUSTOMER,knowledge,,llm_knowledge,,unknown,,,34,0,7,15,BACKLOG,Director,LINKEDIN_MANUAL,PREPARE_DM,AI sales rep بالعربي يرد على leads خلال 45 ثانية، يؤهّل، ويحجز demo — يركب فوق CRM الحالي ويسلّم sequence جاهزة للـ SDR.,price/CRM exists/AI quality,Pilot 1 SAR × 7 days → Starter 999,PREPARE_DM,,queued,sami,
Unifiedpost,B2B SaaS,unifiedpost.com,Global-SA,DIRECT_CUSTOMER,knowledge,,llm_knowledge,,unknown,,,39,0,12,15,BACKLOG,Regional lead,LINKEDIN_MANUAL,PREPARE_DM,AI sales rep بالعربي يرد على leads خلال 45 ثانية، يؤهّل، ويحجز demo — يركب فوق CRM الحالي ويسلّم sequence جاهزة للـ SDR.,price/CRM exists/AI quality,Pilot 1 SAR × 7 days → Starter 999,PREPARE_DM,,queued,sami,
Wafeq,Accounting SaaS,wafeq.com,SA,STRATEGIC_PARTNER,knowledge,,llm_knowledge,,unknown,,Accounting SaaS,42,0,42,15,BACKLOG,Founder,PARTNER_INTRO,PREPARE_PARTNER_PITCH,Dealix + منتجك = offering مكمّل لعملائكم. add-on أو bundle — نناقش النسب.,product fit/brand alignment,Co-selling / bundle,PREPARE_PARTNER_PITCH,,queued,sami,Integration synergy for invoicing
Qoyod,Accounting SaaS,qoyod.com,SA,STRATEGIC_PARTNER,knowledge,,llm_knowledge,,unknown,,Accounting SaaS,42,0,42,15,BACKLOG,Founder,PARTNER_INTRO,PREPARE_PARTNER_PITCH,Dealix + منتجك = offering مكمّل لعملائكم. add-on أو bundle — نناقش النسب.,product fit/brand alignment,Co-selling / bundle,PREPARE_PARTNER_PITCH,,queued,sami,
Dafater,Accounting SaaS,dafater.com,SA,STRATEGIC_PARTNER,knowledge,,llm_knowledge,,unknown,,Accounting SaaS,42,0,42,15,BACKLOG,Founder,PARTNER_INTRO,PREPARE_PARTNER_PITCH,Dealix + منتجك = offering مكمّل لعملائكم. add-on أو bundle — نناقش النسب.,product fit/brand alignment,Co-selling / bundle,PREPARE_PARTNER_PITCH,,queued,sami,
Zamil Group,Conglomerate,zamil.com,SA,DIRECT_CUSTOMER,knowledge,,llm_knowledge,,unknown,,,34,0,7,15,BACKLOG,Digital head,LINKEDIN_MANUAL,PREPARE_DM,AI sales rep بالعربي يرد على leads خلال 45 ثانية، يؤهّل، ويحجز demo — يركب فوق CRM الحالي ويسلّم sequence جاهزة للـ SDR.,price/CRM exists/AI quality,Pilot 1 SAR × 7 days → Starter 999,PREPARE_DM,,queued,sami,Complex — research needed
Alshaya,Retail,alshaya.com,KW-SA,DIRECT_CUSTOMER,knowledge,,llm_knowledge,,unknown,,,34,0,7,15,BACKLOG,Digital head,LINKEDIN_MANUAL,PREPARE_DM,AI sales rep بالعربي يرد على leads خلال 45 ثانية، يؤهّل، ويحجز demo — يركب فوق CRM الحالي ويسلّم sequence جاهزة للـ SDR.,price/CRM exists/AI quality,Pilot 1 SAR × 7 days → Starter 999,PREPARE_DM,,queued,sami,
Careem Pay,Fintech,careempay.com,AE,DIRECT_CUSTOMER,knowledge,,llm_knowledge,,unknown,,,43,0,16,15,BACKLOG,Merchant head,LINKEDIN_MANUAL,PREPARE_DM,AI sales rep بالعربي يرد على leads خلال 45 ثانية، يؤهّل، ويحجز demo — يركب فوق CRM الحالي ويسلّم sequence جاهزة للـ SDR.,price/CRM exists/AI quality,Pilot 1 SAR × 7 days → Starter 999,PREPARE_DM,,queued,sami,
Floward,B2C Delivery,floward.com,SA,DIRECT_CUSTOMER,knowledge,,llm_knowledge,,unknown,,,34,0,7,15,BACKLOG,CEO,LINKEDIN_MANUAL,PREPARE_DM,AI sales rep بالعربي يرد على leads خلال 45 ثانية، يؤهّل، ويحجز demo — يركب فوق CRM الحالي ويسلّم sequence جاهزة للـ SDR.,price/CRM exists/AI quality,Pilot 1 SAR × 7 days → Starter 999,PREPARE_DM,,queued,sami,
Zoomly,B2B,zoomly.sa,SA,AGENCY_PARTNER,knowledge,,llm_knowledge,,unknown,,B2B,34,0,32,15,BACKLOG,Founder,LINKEDIN_MANUAL,PREPARE_PARTNER_PITCH,للوكالات: setup 3-15K + 20-30% من MRR كل عميل دائم. 3-5 عملاء = revenue stream جديد بدون tech build.,commission %/client ownership,Setup 3-15K + 20-30% MRR,PREPARE_PARTNER_PITCH,,queued,sami,
Intelmatix,AI,intelmatix.com,SA,DIRECT_CUSTOMER,knowledge,,llm_knowledge,,unknown,,,34,0,7,15,BACKLOG,CEO,LINKEDIN_MANUAL,PREPARE_DM,AI sales rep بالعربي يرد على leads خلال 45 ثانية، يؤهّل، ويحجز demo — يركب فوق CRM الحالي ويسلّم sequence جاهزة للـ SDR.,price/CRM exists/AI quality,Pilot 1 SAR × 7 days → Starter 999,PREPARE_DM,,queued,sami,
STCS,IT Services,stcs.com.sa,SA,DIRECT_CUSTOMER,knowledge,,llm_knowledge,,unknown,,,34,0,7,15,BACKLOG,BD head,LINKEDIN_MANUAL,PREPARE_DM,AI sales rep بالعربي يرد على leads خلال 45 ثانية، يؤهّل، ويحجز demo — يركب فوق CRM الحالي ويسلّم sequence جاهزة للـ SDR.,price/CRM exists/AI quality,Pilot 1 SAR × 7 days → Starter 999,PREPARE_DM,,queued,sami,Bureaucratic
Haraj,Marketplace,haraj.com.sa,SA,DIRECT_CUSTOMER,knowledge,,llm_knowledge,,unknown,,,43,0,16,15,BACKLOG,CEO,LINKEDIN_MANUAL,PREPARE_DM,AI sales rep بالعربي يرد على leads خلال 45 ثانية، يؤهّل، ويحجز demo — يركب فوق CRM الحالي ويسلّم sequence جاهزة للـ SDR.,price/CRM exists/AI quality,Pilot 1 SAR × 7 days → Starter 999,PREPARE_DM,,queued,sami,
Yaqeen,Consulting,yaqeen.com,SA,AGENCY_PARTNER,knowledge,,llm_knowledge,,unknown,,Consulting,34,0,32,15,BACKLOG,Partner,LINKEDIN_MANUAL,PREPARE_PARTNER_PITCH,للوكالات: setup 3-15K + 20-30% من MRR كل عميل دائم. 3-5 عملاء = revenue stream جديد بدون tech build.,commission %/client ownership,Setup 3-15K + 20-30% MRR,PREPARE_PARTNER_PITCH,,queued,sami,
Nohayati,Agency,nohayati.com,SA,AGENCY_PARTNER,knowledge,,llm_knowledge,,unknown,,Agency,42,0,40,15,BACKLOG,Founder,LINKEDIN_MANUAL,PREPARE_PARTNER_PITCH,للوكالات: setup 3-15K + 20-30% من MRR كل عميل دائم. 3-5 عملاء = revenue stream جديد بدون tech build.,commission %/client ownership,Setup 3-15K + 20-30% MRR,PREPARE_PARTNER_PITCH,,queued,sami,
NRG,Staffing,nrg.com.sa,SA,REFERRAL_PARTNER,knowledge,,llm_knowledge,,unknown,,Staffing,32,0,32,15,BACKLOG,BD,LINKEDIN_MANUAL,PREPARE_PARTNER_PITCH,referral 10% من MRR لـ 12 شهر على كل عميل يجي عبرك — صفر setup.,value for effort,10% MRR × 12 months,PREPARE_PARTNER_PITCH,,queued,sami,
Adel Al-Falih,Angel Investor,,SA,INVESTOR_OR_ADVISOR,knowledge,,llm_knowledge,,unknown,,Angel Investor,28,0,7,40,BACKLOG,Angel,EMAIL,PREPARE_INVESTOR_NOTE,Dealix = Arabic-first AI sales operator. نبحث عن portfolio introductions + advisory.,stage/fit,Advisory + portfolio intros,PREPARE_INVESTOR_NOTE,,queued,sami,Father of Hisham Al-Falih
Abdullah Alzahrani,Content Creator,,SA,CONTENT_COLLABORATION,knowledge,,llm_knowledge,,unknown,,Content Creator,28,0,7,15,BACKLOG,Creator,LINKEDIN_MANUAL,PREPARE_DM,محتوى سعودي حول AI sales + GTM — تعاون podcast/newsletter/سلسلة.,audience fit/time,Content cross-promo,PREPARE_DM,,queued,sami,
Entlaq,Community,entlaq.com.sa,SA,CONTENT_COLLABORATION,knowledge,,llm_knowledge,,unknown,,Community,28,0,7,15,BACKLOG,Community lead,LINKEDIN_MANUAL,PREPARE_DM,محتوى سعودي حول AI sales + GTM — تعاون podcast/newsletter/سلسلة.,audience fit/time,Content cross-promo,PREPARE_DM,,queued,sami,
Mansoor AlRoumi,Content Creator,,SA,CONTENT_COLLABORATION,knowledge,,llm_knowledge,,unknown,,Content Creator,28,0,7,15,BACKLOG,Creator,LINKEDIN_MANUAL,PREPARE_DM,محتوى سعودي حول AI sales + GTM — تعاون podcast/newsletter/سلسلة.,audience fit/time,Content cross-promo,PREPARE_DM,,queued,sami,
Mahmoud Nouh,Content Creator,,SA,CONTENT_COLLABORATION,knowledge,,llm_knowledge,,unknown,,Content Creator,28,0,7,15,BACKLOG,Creator,LINKEDIN_MANUAL,PREPARE_DM,محتوى سعودي حول AI sales + GTM — تعاون podcast/newsletter/سلسلة.,audience fit/time,Content cross-promo,PREPARE_DM,,queued,sami,
Misk Newsroom,Media,newsroom.misk.org.sa,SA,CONTENT_COLLABORATION,knowledge,,llm_knowledge,,unknown,,Media,28,0,7,15,BACKLOG,Editor,LINKEDIN_MANUAL,PREPARE_DM,محتوى سعودي حول AI sales + GTM — تعاون podcast/newsletter/سلسلة.,audience fit/time,Content cross-promo,PREPARE_DM,,queued,sami,
Gate Ventures,Investor,gate.vc,SA,INVESTOR_OR_ADVISOR,knowledge,,llm_knowledge,,unknown,,Investor,28,0,7,40,BACKLOG,Principal,EMAIL,PREPARE_INVESTOR_NOTE,Dealix = Arabic-first AI sales operator. نبحث عن portfolio introductions + advisory.,stage/fit,Advisory + portfolio intros,PREPARE_INVESTOR_NOTE,,queued,sami,
Arzan VC,Investor,arzanvc.com,KW-SA,INVESTOR_OR_ADVISOR,knowledge,,llm_knowledge,,unknown,,Investor,23,0,2,40,BACKLOG,Partner,EMAIL,PREPARE_INVESTOR_NOTE,Dealix = Arabic-first AI sales operator. نبحث عن portfolio introductions + advisory.,stage/fit,Advisory + portfolio intros,PREPARE_INVESTOR_NOTE,,queued,sami,
Vision Ventures,Investor,visionventures.com,SA,INVESTOR_OR_ADVISOR,knowledge,,llm_knowledge,,unknown,,Investor,28,0,7,40,BACKLOG,Partner,EMAIL,PREPARE_INVESTOR_NOTE,Dealix = Arabic-first AI sales operator. نبحث عن portfolio introductions + advisory.,stage/fit,Advisory + portfolio intros,PREPARE_INVESTOR_NOTE,,queued,sami,
KAUST Innovation,Accelerator,kaust.edu.sa,SA,REFERRAL_PARTNER,knowledge,,llm_knowledge,,unknown,,Accelerator,32,0,32,15,BACKLOG,Program lead,LINKEDIN_MANUAL,PREPARE_PARTNER_PITCH,referral 10% من MRR لـ 12 شهر على كل عميل يجي عبرك — صفر setup.,value for effort,10% MRR × 12 months,PREPARE_PARTNER_PITCH,,queued,sami,
Saudi Technology Development (TAQNIA),Accelerator,taqnia.com,SA,REFERRAL_PARTNER,knowledge,,llm_knowledge,,unknown,,Accelerator,32,0,32,15,BACKLOG,BD,LINKEDIN_MANUAL,PREPARE_PARTNER_PITCH,referral 10% من MRR لـ 12 شهر على كل عميل يجي عبرك — صفر setup.,value for effort,10% MRR × 12 months,PREPARE_PARTNER_PITCH,,queued,sami,
BRKZ Dashboard,ConTech,brkz.com,SA,DIRECT_CUSTOMER,knowledge,,llm_knowledge,B2B construction marketplace,unknown,68,50,40,LOW,P1,Founder,LINKEDIN_MANUAL,PREPARE_DM,Construction quote automation,price/CRM exists,Pilot 1 SAR × 7 days → Starter 999,PREPARE_DM,,queued,sami,
Flynas,Airline,flynas.com,SA,DIRECT_CUSTOMER,knowledge,,llm_knowledge,Saudi low-cost airline — B2B corp sales,unknown,55,40,35,MEDIUM,P2,BD head,EMAIL,RESEARCH_MORE,Corporate sales B2B inquiries,large corp — slow,Enterprise custom,RESEARCH_MORE,,queued,sami,"Slow procurement"
Saudia,Airline,saudia.com,SA,DIRECT_CUSTOMER,knowledge,,llm_knowledge,National Saudi carrier — B2B corp,unknown,50,35,30,HIGH,P2,BD head,EMAIL,RESEARCH_MORE,B2B corp sales,enterprise — slow,Enterprise custom,HOLD_FOR_APPROVAL,,queued,sami,"Public — very slow"
Aqar,Proptech,aqar.fm,SA,DIRECT_CUSTOMER,knowledge,,llm_knowledge,Saudi real estate platform,unknown,70,60,50,LOW,P1,Founder,LINKEDIN_MANUAL,PREPARE_DM,Real estate agent enablement,price objection,Pilot 1 SAR × 7 days → Starter 999,PREPARE_DM,,queued,sami,"High fit — lead-heavy"
Wasalny,Ride-hailing,wasalny.sa,SA,DIRECT_CUSTOMER,knowledge,,llm_knowledge,Saudi transportation,unknown,55,40,35,LOW,P2,Founder,LINKEDIN_MANUAL,RESEARCH_MORE,B2B fleet sales,crm exists,Pilot 1 SAR,RESEARCH_MORE,,queued,sami,
MadfoatCom,Fintech,madfoatcom.com,JO-SA,DIRECT_CUSTOMER,knowledge,,llm_knowledge,Regional fintech,unknown,60,45,40,LOW,P2,Founder,LINKEDIN_MANUAL,PREPARE_DM,Fintech B2B partnerships,ai quality,Pilot 1 SAR,PREPARE_DM,,queued,sami,
Lendo,Fintech,lendo.sa,SA,DIRECT_CUSTOMER,knowledge,,llm_knowledge,Saudi SME lending,unknown,70,55,45,LOW,P1,CEO,LINKEDIN_MANUAL,PREPARE_DM,SME merchant lead qual,crm exists,Pilot 1 SAR → Starter 999,PREPARE_DM,,queued,sami,"Strong fit — SME B2B"
Sulfah,Fintech,sulfah.com,SA,DIRECT_CUSTOMER,knowledge,,llm_knowledge,Saudi lending,unknown,60,45,40,LOW,P2,Founder,LINKEDIN_MANUAL,PREPARE_DM,SME loan qualification,trust objection,Pilot 1 SAR,PREPARE_DM,,queued,sami,
Tamkeen,HR Tech,tamkeentech.sa,SA,DIRECT_CUSTOMER,knowledge,,llm_knowledge,Saudi HR tech,unknown,55,40,35,LOW,P2,Founder,LINKEDIN_MANUAL,RESEARCH_MORE,HR SaaS SDR,crm exists,Pilot 1 SAR,PREPARE_DM,,queued,sami,
Plataform,EdTech,plataform.com.sa,SA,DIRECT_CUSTOMER,knowledge,,llm_knowledge,Saudi training platform,unknown,55,40,35,LOW,P2,Founder,LINKEDIN_MANUAL,RESEARCH_MORE,EdTech admissions funnel,price,Pilot 1 SAR,PREPARE_DM,,queued,sami,
Almosafer,Travel B2B,almosafer.com,SA,DIRECT_CUSTOMER,knowledge,,llm_knowledge,Saudi travel B2B,unknown,58,45,40,MEDIUM,P2,Marketing head,EMAIL,RESEARCH_MORE,Corporate travel B2B,slow enterprise,Enterprise,RESEARCH_MORE,,queued,sami,
Mukatafa,SaaS,mukatafa.com,SA,DIRECT_CUSTOMER,knowledge,,llm_knowledge,Saudi contracts SaaS,unknown,62,48,42,LOW,P2,Founder,LINKEDIN_MANUAL,PREPARE_DM,B2B SaaS peer,crm exists,Pilot 1 SAR → Starter 999,PREPARE_DM,,queued,sami,
Red Sea Global,Mega Project,redseaglobal.com,SA,DIRECT_CUSTOMER,knowledge,,llm_knowledge,Giga-project tourism,unknown,45,30,25,HIGH,P2,BD head,EMAIL,HOLD_FOR_APPROVAL,Enterprise custom,gov complex,Enterprise custom,HOLD_FOR_APPROVAL,,queued,sami,"Hold — gov-complex"
Neom,Mega Project,neom.com,SA,DIRECT_CUSTOMER,knowledge,,llm_knowledge,Giga-project,unknown,40,25,20,HIGH,P2,BD head,EMAIL,HOLD_FOR_APPROVAL,Enterprise,gov complex,Enterprise,HOLD_FOR_APPROVAL,,queued,sami,"Hold"
Diriyah Gate,Mega Project,diriyah.sa,SA,DIRECT_CUSTOMER,knowledge,,llm_knowledge,Giga-project tourism,unknown,45,30,25,HIGH,P2,BD head,EMAIL,HOLD_FOR_APPROVAL,Enterprise,gov complex,Enterprise,HOLD_FOR_APPROVAL,,queued,sami,"Hold"
Qiddiya,Mega Project,qiddiya.com,SA,DIRECT_CUSTOMER,knowledge,,llm_knowledge,Giga-project,unknown,45,30,25,HIGH,P2,BD head,EMAIL,HOLD_FOR_APPROVAL,Enterprise,gov complex,Enterprise,HOLD_FOR_APPROVAL,,queued,sami,"Hold"
Yamamah,F&B Chain,yamamahgroup.sa,SA,DIRECT_CUSTOMER,knowledge,,llm_knowledge,Saudi F&B multi-brand,unknown,65,50,45,LOW,P1,CEO,LINKEDIN_MANUAL,PREPARE_DM,F&B franchise inquiries,crm exists,Pilot 1 SAR → Starter 999,PREPARE_DM,,queued,sami,
Kudu,F&B Chain,kudu.com.sa,SA,DIRECT_CUSTOMER,knowledge,,llm_knowledge,Saudi QSR chain,unknown,55,45,40,LOW,P2,BD head,EMAIL,RESEARCH_MORE,Franchise inquiries,slow,Pilot,RESEARCH_MORE,,queued,sami,
Burger King KSA,F&B Franchise,,SA,DIRECT_CUSTOMER,knowledge,,llm_knowledge,Large franchise multi-unit,unknown,55,40,35,MEDIUM,P2,Marketing head,EMAIL,RESEARCH_MORE,Franchise B2B,enterprise,Enterprise,RESEARCH_MORE,,queued,sami,
Danube,Retail Grocery,danube.sa,SA,DIRECT_CUSTOMER,knowledge,,llm_knowledge,Saudi grocery chain,unknown,50,35,30,MEDIUM,P2,BD head,EMAIL,RESEARCH_MORE,B2B supplier relations,enterprise,Enterprise,RESEARCH_MORE,,queued,sami,
Tamweely,Fintech,tamweely.com.sa,SA,DIRECT_CUSTOMER,knowledge,,llm_knowledge,Saudi SME financing,unknown,62,48,42,LOW,P2,Founder,LINKEDIN_MANUAL,PREPARE_DM,SME financing qualifier,trust,Pilot 1 SAR,PREPARE_DM,,queued,sami,
Anaghra,SaaS,anaghra.com,SA,DIRECT_CUSTOMER,knowledge,,llm_knowledge,Saudi SaaS B2B,unknown,55,40,35,LOW,P2,Founder,LINKEDIN_MANUAL,RESEARCH_MORE,Peer SaaS,price,Pilot 1 SAR,PREPARE_DM,,queued,sami,
Medad,LegalTech,medad.com,SA,DIRECT_CUSTOMER,knowledge,,llm_knowledge,Saudi legal SaaS,unknown,60,45,40,LOW,P2,Founder,LINKEDIN_MANUAL,PREPARE_DM,Legal B2B qualification,arabic quality,Pilot 1 SAR,PREPARE_DM,,queued,sami,
Bakkah,Construction,bakkah.com,SA,DIRECT_CUSTOMER,knowledge,,llm_knowledge,Saudi construction consulting,unknown,55,40,35,MEDIUM,P2,Partner,EMAIL,RESEARCH_MORE,B2B consulting,slow,Pilot,RESEARCH_MORE,,queued,sami,
Ajlani,Proptech,ajlani.com,SA,DIRECT_CUSTOMER,knowledge,,llm_knowledge,Saudi real estate,unknown,60,45,40,LOW,P2,Founder,LINKEDIN_MANUAL,PREPARE_DM,Real estate agent AI,crm exists,Pilot 1 SAR,PREPARE_DM,,queued,sami,
ZimlaTech,HR Tech,zimla.com.sa,SA,DIRECT_CUSTOMER,knowledge,,llm_knowledge,Saudi HR tech,unknown,55,40,35,LOW,P2,Founder,LINKEDIN_MANUAL,RESEARCH_MORE,HR B2B sales,price,Pilot,RESEARCH_MORE,,queued,sami,
Oqba,Logistics,oqba.sa,SA,DIRECT_CUSTOMER,knowledge,,llm_knowledge,Saudi logistics B2B,unknown,58,45,40,LOW,P2,Founder,LINKEDIN_MANUAL,PREPARE_DM,Quote automation,crm exists,Pilot 1 SAR,PREPARE_DM,,queued,sami,
Naqel,Logistics,naqelexpress.com,SA,DIRECT_CUSTOMER,knowledge,,llm_knowledge,Saudi shipping,unknown,50,35,30,MEDIUM,P2,BD head,EMAIL,RESEARCH_MORE,Enterprise B2B,slow,Enterprise,RESEARCH_MORE,,queued,sami,
Zajil,Logistics,zajil-express.com,SA,DIRECT_CUSTOMER,knowledge,,llm_knowledge,Saudi courier,unknown,50,35,30,MEDIUM,P2,BD head,EMAIL,RESEARCH_MORE,B2B quotes,slow,Pilot,RESEARCH_MORE,,queued,sami,
Saudi Ports Authority,Logistics,mawani.gov.sa,SA,DIRECT_CUSTOMER,knowledge,,llm_knowledge,Gov ports,unknown,35,20,15,HIGH,P2,BD head,EMAIL,HOLD_FOR_APPROVAL,Gov — complex,gov,Hold,HOLD_FOR_APPROVAL,,queued,sami,"Skip — gov"
Mrsool,Last-mile,mrsool.co,SA,DIRECT_CUSTOMER,knowledge,,llm_knowledge,Saudi delivery platform,unknown,62,48,42,LOW,P2,Founder,LINKEDIN_MANUAL,PREPARE_DM,Merchant acquisition AI,crm exists,Pilot 1 SAR,PREPARE_DM,,queued,sami,
HungerStation,Food Delivery,hungerstation.com,SA,DIRECT_CUSTOMER,knowledge,,llm_knowledge,Saudi food delivery,unknown,55,42,38,LOW,P2,Merchant head,LINKEDIN_MANUAL,RESEARCH_MORE,Merchant acquisition,crm,Pilot,RESEARCH_MORE,,queued,sami,
Chikfila KSA,F&B,,SA,DIRECT_CUSTOMER,knowledge,,llm_knowledge,F&B franchise,unknown,50,35,30,MEDIUM,P2,Marketing,EMAIL,RESEARCH_MORE,Franchise B2B,slow,Pilot,RESEARCH_MORE,,queued,sami,
Al Othaim,Retail,alothaim.com,SA,DIRECT_CUSTOMER,knowledge,,llm_knowledge,Saudi retail group,unknown,50,35,30,MEDIUM,P2,BD head,EMAIL,RESEARCH_MORE,Retail B2B,slow,Enterprise,RESEARCH_MORE,,queued,sami,
Jarir Bookstore,Retail,jarir.com,SA,DIRECT_CUSTOMER,knowledge,,llm_knowledge,Saudi retail enterprise,unknown,45,30,25,MEDIUM,P2,Digital head,EMAIL,RESEARCH_MORE,Retail B2B,slow,Enterprise,HOLD_FOR_APPROVAL,,queued,sami,
Al Rajhi Bank,Banking,alrajhibank.com.sa,SA,DIRECT_CUSTOMER,knowledge,,llm_knowledge,Saudi bank,unknown,35,20,15,HIGH,P2,Digital head,EMAIL,HOLD_FOR_APPROVAL,Regulated,bank,Hold,HOLD_FOR_APPROVAL,,queued,sami,"Skip — heavily regulated"
SABB,Banking,sabb.com,SA,DIRECT_CUSTOMER,knowledge,,llm_knowledge,Saudi bank,unknown,35,20,15,HIGH,P2,Digital head,EMAIL,HOLD_FOR_APPROVAL,Regulated,bank,Hold,HOLD_FOR_APPROVAL,,queued,sami,"Skip"
Ajal,Fintech,ajal.com,SA,DIRECT_CUSTOMER,knowledge,,llm_knowledge,Saudi fintech,unknown,60,45,40,LOW,P2,Founder,LINKEDIN_MANUAL,PREPARE_DM,Fintech B2B,ai quality,Pilot 1 SAR,PREPARE_DM,,queued,sami,
Cashify,Fintech,cashify.sa,SA,DIRECT_CUSTOMER,knowledge,,llm_knowledge,Saudi fintech,unknown,55,40,35,LOW,P2,Founder,LINKEDIN_MANUAL,RESEARCH_MORE,Fintech SDR,price,Pilot 1 SAR,RESEARCH_MORE,,queued,sami,
Morni,Roadside,morni.com,SA,DIRECT_CUSTOMER,knowledge,,llm_knowledge,Saudi roadside assistance,unknown,55,40,35,LOW,P2,Founder,LINKEDIN_MANUAL,PREPARE_DM,B2B fleet sales,crm,Pilot 1 SAR,PREPARE_DM,,queued,sami,
Aoun,SaaS,aoun.sa,SA,DIRECT_CUSTOMER,knowledge,,llm_knowledge,Saudi SaaS B2B,unknown,60,45,40,LOW,P2,Founder,LINKEDIN_MANUAL,PREPARE_DM,Peer SaaS SDR,price,Pilot 1 SAR,PREPARE_DM,,queued,sami,
Beam,Mobility,ridebeam.com,Global-SA,DIRECT_CUSTOMER,knowledge,,llm_knowledge,E-scooter mobility in KSA,unknown,45,30,25,MEDIUM,P2,Regional BD,EMAIL,RESEARCH_MORE,Fleet B2B,slow,Pilot,RESEARCH_MORE,,queued,sami,
Eureka,SaaS,eurekatech.io,SA,DIRECT_CUSTOMER,knowledge,,llm_knowledge,Saudi/MENA SaaS,unknown,60,45,40,LOW,P2,Founder,LINKEDIN_MANUAL,PREPARE_DM,Peer SaaS,ai quality,Pilot 1 SAR,PREPARE_DM,,queued,sami,
Dukkan,Retail,dukkan.com,SA,DIRECT_CUSTOMER,knowledge,,llm_knowledge,Saudi commerce,unknown,58,45,40,LOW,P2,Founder,LINKEDIN_MANUAL,PREPARE_DM,Merchant B2B,crm,Pilot 1 SAR,PREPARE_DM,,queued,sami,
Morsal,HR Tech,morsal.com.sa,SA,DIRECT_CUSTOMER,knowledge,,llm_knowledge,Saudi recruitment tech,unknown,55,40,35,LOW,P2,Founder,LINKEDIN_MANUAL,PREPARE_DM,HR B2B SDR,price,Pilot 1 SAR,PREPARE_DM,,queued,sami,
Buyout,Fintech,buyout.sa,SA,DIRECT_CUSTOMER,knowledge,,llm_knowledge,Saudi fintech,unknown,55,40,35,LOW,P2,Founder,LINKEDIN_MANUAL,RESEARCH_MORE,Fintech B2B,trust,Pilot 1 SAR,RESEARCH_MORE,,queued,sami,
Qima,Legaltech,qima.sa,SA,DIRECT_CUSTOMER,knowledge,,llm_knowledge,Saudi legal SaaS,unknown,55,40,35,LOW,P2,Founder,LINKEDIN_MANUAL,PREPARE_DM,Legal B2B,arabic,Pilot 1 SAR,PREPARE_DM,,queued,sami,
Paymob,Fintech MENA,paymob.com,EG-SA,STRATEGIC_PARTNER,knowledge,,llm_knowledge,MENA payment gateway,unknown,70,55,65,LOW,P1,BD head,EMAIL,PREPARE_PARTNER_PITCH,Payment gateway partner,competing gateways,Partnership,PREPARE_PARTNER_PITCH,,queued,sami,"Strategic"
PayFort,Fintech MENA,payfort.com,AE-SA,STRATEGIC_PARTNER,knowledge,,llm_knowledge,MENA payment gateway (Amazon),unknown,65,50,60,MEDIUM,P2,BD head,EMAIL,PREPARE_PARTNER_PITCH,Gateway partner,Amazon-owned,Partnership,PREPARE_PARTNER_PITCH,,queued,sami,"Amazon-owned — slow"
Dokkan Afkar,Ecom,dokkanafkar.com,SA,DIRECT_CUSTOMER,knowledge,,llm_knowledge,Saudi ecom,unknown,52,38,33,LOW,P2,Founder,LINKEDIN_MANUAL,RESEARCH_MORE,Merchant SDR,price,Pilot 1 SAR,PREPARE_DM,,queued,sami,
Ifham,EdTech,ifham.sa,SA,DIRECT_CUSTOMER,knowledge,,llm_knowledge,Saudi kids learning,unknown,50,35,30,LOW,P2,Founder,LINKEDIN_MANUAL,RESEARCH_MORE,EdTech admissions,price,Pilot 1 SAR,RESEARCH_MORE,,queued,sami,
Noon Food,Food Delivery,nooon.com,AE-SA,DIRECT_CUSTOMER,knowledge,,llm_knowledge,Regional food delivery,unknown,55,42,38,LOW,P2,Regional BD,LINKEDIN_MANUAL,RESEARCH_MORE,Merchant B2B,crm,Pilot,RESEARCH_MORE,,queued,sami,
